,ID,SIDE,Osteo_AND_FullTCL,Osteo_AND_PartialTCL_AND_BML,Osteo_AND_PartialTCL_AND_Meniscus_Degradation,Osteo_AND_BML_AND_Meniscus_Degradation,FullTCL_AND_BML_AND_Meniscus_Degradation,moaks_OA,V03XRKL
0,9031930,1,0.0,0.0,1.0,0.0,0.0,1.0,3.0
1,9039627,1,0.0,0.0,0.0,0.0,0.0,0.0,2.0
2,9055038,1,0.0,1.0,1.0,1.0,0.0,1.0,2.0
3,9056978,1,0.0,0.0,0.0,0.0,0.0,0.0,2.0
4,9057479,1,0.0,0.0,1.0,0.0,0.0,1.0,2.0
5,9057479,2,0.0,0.0,0.0,0.0,0.0,0.0,2.0
6,9064631,2,0.0,0.0,1.0,0.0,0.0,1.0,2.0
7,9081858,2,1.0,0.0,0.0,0.0,-1.0,1.0,2.0
8,9082137,1,0.0,0.0,1.0,0.0,0.0,1.0,2.0
9,9086407,1,0.0,1.0,1.0,1.0,0.0,1.0,2.0
10,9101076,2,0.0,0.0,0.0,0.0,0.0,0.0,2.0
11,9120059,2,0.0,1.0,1.0,1.0,0.0,1.0,2.0
12,9135902,1,0.0,1.0,1.0,1.0,0.0,1.0,3.0
13,9135902,2,0.0,1.0,1.0,1.0,0.0,1.0,3.0
14,9173950,2,0.0,0.0,0.0,0.0,0.0,0.0,2.0
15,9179001,1,0.0,0.0,1.0,0.0,0.0,1.0,2.0
16,9205505,2,0.0,0.0,1.0,0.0,0.0,1.0,2.0
17,9223285,1,0.0,0.0,0.0,1.0,0.0,1.0,2.0
18,9255715,1,1.0,0.0,0.0,1.0,1.0,1.0,3.0
19,9281052,2,0.0,0.0,1.0,0.0,0.0,1.0,2.0
20,9281187,1,0.0,1.0,1.0,1.0,0.0,1.0,2.0
21,9297957,1,0.0,0.0,1.0,0.0,0.0,1.0,2.0
22,9305065,1,0.0,1.0,1.0,1.0,0.0,1.0,2.0
23,9331465,2,0.0,0.0,1.0,0.0,0.0,1.0,3.0
24,9381777,1,0.0,0.0,1.0,0.0,0.0,1.0,2.0
25,9395235,2,0.0,0.0,0.0,0.0,0.0,0.0,2.0
26,9446305,2,0.0,0.0,1.0,0.0,0.0,1.0,2.0
27,9467722,2,0.0,0.0,0.0,0.0,0.0,0.0,2.0
28,9486748,2,0.0,1.0,1.0,1.0,0.0,1.0,2.0
29,9559476,1,0.0,0.0,1.0,0.0,0.0,1.0,2.0
30,9615754,2,0.0,1.0,1.0,1.0,0.0,1.0,2.0
31,9624154,1,1.0,0.0,0.0,1.0,1.0,1.0,2.0
32,9658152,1,0.0,0.0,0.0,0.0,0.0,0.0,2.0
33,9662112,1,0.0,0.0,0.0,0.0,0.0,0.0,2.0
34,9702463,2,0.0,0.0,1.0,0.0,0.0,1.0,2.0
35,9727207,2,0.0,0.0,1.0,0.0,0.0,1.0,2.0
36,9743560,2,0.0,0.0,1.0,0.0,0.0,1.0,2.0
37,9764947,2,0.0,0.0,0.0,0.0,0.0,0.0,2.0
38,9792833,2,0.0,1.0,1.0,1.0,0.0,1.0,2.0
39,9824005,1,0.0,1.0,1.0,1.0,0.0,1.0,3.0
40,9824274,1,0.0,1.0,1.0,1.0,0.0,1.0,2.0
41,9850238,1,1.0,0.0,0.0,1.0,1.0,1.0,4.0
42,9878804,1,0.0,0.0,0.0,0.0,0.0,0.0,2.0
43,9885702,1,0.0,0.0,1.0,0.0,0.0,1.0,2.0
44,9900668,2,0.0,0.0,1.0,0.0,0.0,1.0,2.0
45,9927318,1,0.0,1.0,1.0,1.0,0.0,1.0,2.0
46,9928319,1,1.0,0.0,0.0,1.0,1.0,1.0,2.0
47,9973199,2,0.0,1.0,1.0,1.0,0.0,1.0,2.0
48,9975778,2,0.0,0.0,1.0,0.0,0.0,1.0,2.0
49,9988421,1,1.0,0.0,0.0,0.0,0.0,1.0,2.0
